<?xml version="1.0" encoding="utf-8"?><cc_char xscale='1' yscale='1' hxscale='1' hyscale='1' headdx='0' headdy='0'><color r="ccSkinColor" oc="0xFFE1C4">0xFFD643</color><color r="ccEyeLib">0xFFCE95</color><color r="ccEyeIris">0x000000</color><color r="ccGlassesFrame">0xBE10B0</color><color r="ccGlassesLens">0x737373</color><color r="ccMouthLip">0x891258</color><color r="ccMustache">0x000000</color><color r="ccBeard">0xFFFFFF</color><color r="ccEyebrow">0x000000</color><color r="ccHairMajor">0x996633</color><color r="ccHairMinor">0x640F0F</color><color r="ccUpperMain" oc="0x336699">0xFFC700</color><color r="ccUpperMinor" oc="0xE5E5E5">0xF31E1E</color><color r="ccLowerMain" oc="0xCCBC9A">0xFFD643</color><color r="ccLowerMinor" oc="0xEEEEEE">0xFFD643</color><color r="ccDecMajor" targetComponent="ID6188">0xFFD643</color><component type="bodyshape" component_id="adam" theme_id="family" x="0" y="0" xscale="1" yscale="1" offset="0" rotation="0"/><component type="skeleton" component_id="adam_001" theme_id="family" x="0" y="0" xscale="1" yscale="1" offset="0" rotation="0"/><component type="upper_body" component_id="adam_002" theme_id="family" x="0" y="0" xscale="1" yscale="1" offset="0" rotation="0"/><component type="faceshape" component_id="033" theme_id="family" x="0" y="100" xscale="1.8" yscale="1.8" offset="0" rotation="0"/><component type="lower_body" component_id="rocky_001" theme_id="family" x="0" y="0" xscale="1" yscale="1" offset="0" rotation="0"/><component id="ID6188" type="facedecoration" component_id="043" theme_id="family" x="-32" y="53" xscale="1.52" yscale="1.52" offset="0" rotation="89"/><component id="ID775" type="facedecoration" component_id="099" theme_id="family" x="-24" y="100" xscale="1.05" yscale="1.05" offset="0" rotation="0"/></cc_char>